Accuracy,Precision,Recall,F1_Score,Cohen_Kappa
0.3901098901098901,0.3336145996860283,0.3901098901098901,0.31245976546905735,0.10061437093758352
